"";"Min";"Max";"Mean";"Std";"Total"
"Colonne";"2";"37";"8.213861386138614";"5.0990195135927845";"8296"
"Ligne";"2";"464";"23.249504950495048";"32.7566787083184";"23482"
"Cellule";"4";"5359";"184.2881188118812";"278.24449680092505";"186131"
"Tableau";"";"";"";"";"1010"
