"";"Min";"Max";"Mean";"Std";"Total"
"Colonne";"2";"37";"8.213861386138614";"5.0990195135927845";"8296"
"Ligne";"2";"464";"23.266336633663368";"32.7566787083184";"23499"
"Cellule";"4";"5359";"184.35247524752475";"277.9568311806709";"186196"
"Tableau";"";"";"";"";"1010"
